"Data Source","World Development Indicators",

"Last Updated Date","2024-06-28",

"Country Name","Country Code","Indicator Name","Indicator Code","1960","1961","1962","1963","1964","1965","1966","1967","1968","1969","1970","1971","1972","1973","1974","1975","1976","1977","1978","1979","1980","1981","1982","1983","1984","1985","1986","1987","1988","1989","1990","1991","1992","1993","1994","1995","1996","1997","1998","1999","2000","2001","2002","2003","2004","2005","2006","2007","2008","2009","2010","2011","2012","2013","2014","2015","2016","2017","2018","2019","2020","2021","2022","2023",
"Aruba","ABW","Railways, goods transported (million ton-km)","IS.RRS.GOOD.MT.K6","","","","","","","","","","","","","","","","","","","","","","","","","","","","","","","","","","","","","","","","","","","","","","","","","","","","","","","","","","","","","","","","",
"Africa Eastern and Southern","AFE","Railways, goods transported (million ton-km)","IS.RRS.GOOD.MT.K6","","","","","","","","","","","","","","","","","","","","","","","","","","","","","","","","","","","","","","","","","","","","","","","","","","","","","","","","","","","","","","","","",
"Afghanistan","AFG","Railways, goods transported (million ton-km)","IS.RRS.GOOD.MT.K6","","","","","","","","","","","","","","","","","","","","","","","","","","","","","","","","","","","","","","","","","","","","","","","","","","","","","","","","","","","","","","","","",
"Africa Western and Central","AFW","Railways, goods transported (million ton-km)","IS.RRS.GOOD.MT.K6","","","","","","","","","","","","","","","","","","","","","","","","","","","","","","","","","","","","","","","","","","","","","","","","","","","","","","","","","","","","","","","","",
"Angola","AGO","Railways, goods transported (million ton-km)","IS.RRS.GOOD.MT.K6","","","","","","","","","","","","","","","","","","","","","","","","","","","","","","","","","","","","","","","","","","","","","","","","","","","","","","","","","","","","","","","","",
"Albania","ALB","Railways, goods transported (million ton-km)","IS.RRS.GOOD.MT.K6","","","","","","","","","","","","","","","","","","","","","","","","","","","","","","","","","","","","53","42","23","25","26","28","19","21","32","32","26","36","53","52","46","66","50","25","23","39.887","23.124","8.8","25.3","20.4","43","26.039","25.1151187","","",
"Andorra","AND","Railways, goods transported (million ton-km)","IS.RRS.GOOD.MT.K6","","","","","","","","","","","","","","","","","","","","","","","","","","","","","","","","","","","","","","","","","","","","","","","","","","","","","","","","","","","","","","","","",
"Arab World","ARB","Railways, goods transported (million ton-km)","IS.RRS.GOOD.MT.K6","","","","","","","","","","","","","","","","","","","","","","","","","","","","","","","","","","","","1538","1616","1654","","1635","1568","1491","2030.4445","","1945","1471","","","","","1722.304","","","","","","","","","","","","","",
"United Arab Emirates","ARE","Railways, goods transported (million ton-km)","IS.RRS.GOOD.MT.K6","","","","","","","","","","","","","","","","","","","","","","","","","","","","","","","","","","","","","","","","","","","","","","","","","","","","","","","","","","","1373","1488.485","1426","1380","","",
"Argentina","ARG","Railways, goods transported (million ton-km)","IS.RRS.GOOD.MT.K6","","","","","","","","","","","","","","","","","","","","","","","","","","","","","","","","","","","","7613","8506","9835","9824","9102","8696","8987","9445","10989","11603","12262","12628","12871","12025","10649","12112","12198","10583","9746","8893","8274","8529","8377","","","","","","",
"Armenia","ARM","Railways, goods transported (million ton-km)","IS.RRS.GOOD.MT.K6","","","","","","","","","","","","","","","","","","","","","","","","","","","","","","","","","","","","222","200","381","419","323","354","344","452","529","678","654.136","354","771","326.4","718","345.9","816","867","851","786","640","658","689.46","730","860","840","","","",
"American Samoa","ASM","Railways, goods transported (million ton-km)","IS.RRS.GOOD.MT.K6","","","","","","","","","","","","","","","","","","","","","","","","","","","","","","","","","","","","","","","","","","","","","","","","","","","","","","","","","","","","","","","","",
"Antigua and Barbuda","ATG","Railways, goods transported (million ton-km)","IS.RRS.GOOD.MT.K6","","","","","","","","","","","","","","","","","","","","","","","","","","","","","","","","","","","","","","","","","","","","","","","","","","","","","","","","","","","","","","","","",
"Australia","AUS","Railways, goods transported (million ton-km)","IS.RRS.GOOD.MT.K6","","","","","","","","","","","","","","","","","","","","","","","","","","","","","","","","","","","","106195","110255","119619","125587","127963","133568","137534","150513","160580","168700","183944","189425","198961","218684","237163","258624","261420","290570","319000","367700","401600","413490","431307.31114667","441273.24126364","443004.62783715","447434.67411552","453091.00602501","","",
"Austria","AUT","Railways, goods transported (million ton-km)","IS.RRS.GOOD.MT.K6","","","","","","","","","","","","","","","","","","","","","","","","","","","","","","","","","","","","13715","13909","14199","14714","15039","16602","16895","17132","16869","17931","17064","20980","21371","21915","17767","19833","20345","19499","19564","20746","20814","21361","22256","21996.241","21736","20498.028","21780.869","","",
"Azerbaijan","AZE","Railways, goods transported (million ton-km)","IS.RRS.GOOD.MT.K6","","","","","","","","","","","","","","","","","","","","","","","","","","","","","","","","","","","","2409","2777","3515","4702","5052","5677","6141","6980","7719","7536","9628","11059","10375","10021","7592","8250","7845","8212","7958","7371","6210","5192","4633","4492","5152","4861","5316","","",
"Burundi","BDI","Railways, goods transported (million ton-km)","IS.RRS.GOOD.MT.K6","","","","","","","","","","","","","","","","","","","","","","","","","","","","","","","","","","","","","","","","","","","","","","","","","","","","","","","","","","","","","","","","",
"Belgium","BEL","Railways, goods transported (million ton-km)","IS.RRS.GOOD.MT.K6","","","","","","","","","","","","","","","","","","","","","","","","","","","","","","","","","","","","7287","7244","7465","7600","7392","7674","7080","7276","7293","7691","8042","8587","8148","8469","5947","6264","6698","","","","","","","","","","","","",
"Benin","BEN","Railways, goods transported (million ton-km)","IS.RRS.GOOD.MT.K6","","","","","","","","","","","","","","","","","","","","","","","","","","","","","","","","","","","","","178","218","219","155","89","94","89","86","45","24","36","","","","","","","","","","","","","","","","","",
"Burkina Faso","BFA","Railways, goods transported (million ton-km)","IS.RRS.GOOD.MT.K6","","","","","","","","","","","","","","","","","","","","","","","","","","","","","","","","","","","","","","","","","","","","","","0.675","0.737","0.84","","","","","","","","","","","","","","","","",
"Bangladesh","BGD","Railways, goods transported (million ton-km)","IS.RRS.GOOD.MT.K6","","","","","","","","","","","","","","","","","","","","","","","","","","","","","","","","","","","","689","782","804","896","896","777","908","952","952","896","817","","776","870","800","710","693","582","525","677","694","1053","","","","","","","",
"Bulgaria","BGR","Railways, goods transported (million ton-km)","IS.RRS.GOOD.MT.K6","","","","","","","","","","","","","","","","","","","","","","","","","","","","","","","","","","","","8595","7549","7444","6152","5297","5538","4904","4627","5274","5211","5163","5396","5241","4693","3145","3064","3291","2908","3246","3439","3650","3434","3931","3792","3901.6","4503","4658","","",
"Bahrain","BHR","Railways, goods transported (million ton-km)","IS.RRS.GOOD.MT.K6","","","","","","","","","","","","","","","","","","","","","","","","","","","","","","","","","","","","","","","","","","","","","","","","","","","","","","","","","","","","","","","","",
"Bahamas, The","BHS","Railways, goods transported (million ton-km)","IS.RRS.GOOD.MT.K6","","","","","","","","","","","","","","","","","","","","","","","","","","","","","","","","","","","","","","","","","","","","","","","","","","","","","","","","","","","","","","","","",
"Bosnia and Herzegovina","BIH","Railways, goods transported (million ton-km)","IS.RRS.GOOD.MT.K6","","","","","","","","","","","","","","","","","","","","","","","","","","","","","","","","","","","","16","18","47","73","115","140","280","308","318","363","379","372","1088","1242","992","877","1018","1150","1243","1313","1286","1142","1130.1","1187.9","1275","1040","","","",
"Belarus","BLR","Railways, goods transported (million ton-km)","IS.RRS.GOOD.MT.K6","","","","","","","","","","","","","","","","","","","","","","","","","","","","","","","","","","","","25510","26018","30636","30370","30529","31425","29727","34169","38402","40331","43559","45723","47933","48994","42742","46224","49414","48475","43818","44997","40785","41107","48538","52573.7","48205.4","42420.4","44478.2","","",
"Belize","BLZ","Railways, goods transported (million ton-km)","IS.RRS.GOOD.MT.K6","","","","","","","","","","","","","","","","","","","","","","","","","","","","","","","","","","","","","","","","","","","","","","","","","","","","","","","","","","","","","","","","",
"Bermuda","BMU","Railways, goods transported (million ton-km)","IS.RRS.GOOD.MT.K6","","","","","","","","","","","","","","","","","","","","","","","","","","","","","","","","","","","","","","","","","","","","","","","","","","","","","","","","","","","","","","","","",
"Bolivia","BOL","Railways, goods transported (million ton-km)","IS.RRS.GOOD.MT.K6","","","","","","","","","","","","","","","","","","","","","","","","","","","","","","","","","","","","","","","","","","","","","","","","","","","","","","","","","","","","","","","","",
"Brazil","BRA","Railways, goods transported (million ton-km)","IS.RRS.GOOD.MT.K6","","","","","","","","","","","","","","","","","","","","","","","","","","","","","","","","","","","","","","","","","","","","","","","7446.1","9393.5","","","","","","","","","","","","","","","","",
"Barbados","BRB","Railways, goods transported (million ton-km)","IS.RRS.GOOD.MT.K6","","","","","","","","","","","","","","","","","","","","","","","","","","","","","","","","","","","","","","","","","","","","","","","","","","","","","","","","","","","","","","","","",
"Brunei Darussalam","BRN","Railways, goods transported (million ton-km)","IS.RRS.GOOD.MT.K6","","","","","","","","","","","","","","","","","","","","","","","","","","","","","","","","","","","","","","","","","","","","","","","","","","","","","","","","","","","","","","","","",
"Bhutan","BTN","Railways, goods transported (million ton-km)","IS.RRS.GOOD.MT.K6","","","","","","","","","","","","","","","","","","","","","","","","","","","","","","","","","","","","","","","","","","","","","","","","","","","","","","","","","","","","","","","","",
"Botswana","BWA","Railways, goods transported (million ton-km)","IS.RRS.GOOD.MT.K6","","","","","","","","","","","","","","","","","","","","","","","","","","","","","","","","","","","","626","794","795","1111","1282","1037","747","715","893","674","674","674","674","","","","","","","","","","","","","","","","",
"Central African Republic","CAF","Railways, goods transported (million ton-km)","IS.RRS.GOOD.MT.K6","","","","","","","","","","","","","","","","","","","","","","","","","","","","","","","","","","","","","","","","","","","","","","","","","","","","","","","","","","","","","","","","",
"Canada","CAN","Railways, goods transported (million ton-km)","IS.RRS.GOOD.MT.K6","","","","","","","","","","","","","","","","","","","","","","","","","","","","","","","","","","","","","245625","269458","256145","265707","283842","291518","288701","300424","327812","337953","341514","347922","334824","294786","332635","347824","368297","386266","414069","412985","396806","420143","445546","446081","444032","430170","","",
"Central Europe and the Baltics","CEB","Railways, goods transported (million ton-km)","IS.RRS.GOOD.MT.K6","","","","","","","","","","","","","","","","","","","","","","","","","","","","","","","","","","","","8595","8103","8622","8265","7849","8918","8557","9767","10113","10488","10639","10418","10137","9874","7673","8809","9118","9230","9722","10158","10009.615","10527.534","11344.565","10584.08","10624.909","7623.5","7973.3","","",
"Switzerland","CHE","Railways, goods transported (million ton-km)","IS.RRS.GOOD.MT.K6","","","","","","","","","","","","","","","","","","","","","","","","","","","","","","","","","","","","8856","8031","8836","9411","9831","11080","11172","10746","10598","11489","11677","12466","11952","12265","10565","11074","11526","11061","11812","12313","12431","12447","11653","11776","11666","11063","12024","","",
"Channel Islands","CHI","Railways, goods transported (million ton-km)","IS.RRS.GOOD.MT.K6","","","","","","","","","","","","","","","","","","","","","","","","","","","","","","","","","","","","","","","","","","","","","","","","","","","","","","","","","","","","","","","","",
"Chile","CHL","Railways, goods transported (million ton-km)","IS.RRS.GOOD.MT.K6","","","","","","","","","","","","","","","","","","","","","","","","","","","","","","","","","","","","","","","","","","","","","","","","","","","3833.633027","4118.699224","4089.738747","3981.463012","4103.932874","4085.724617","4076.755917","3760.2204401392","3816.070253512","3079.8397523271","3585.4572606123","","","",
"China","CHN","Railways, goods transported (million ton-km)","IS.RRS.GOOD.MT.K6","","","","","","","","","","","","","","","","","","","","","","","","","","","","","","","","","","","","1304950","1310620","1326990","1256010","1291030","1377050","1469410","1565840","1724670","1928880","2072600","2195441","2379700","2510628","2523917","2764413","2946579","2918709","2917390","2753020","2375430","2379230","2696220","2882100","3018200","","","","",
"Cote d'Ivoire","CIV","Railways, goods transported (million ton-km)","IS.RRS.GOOD.MT.K6","","","","","","","","","","","","","","","","","","","","","","","","","","","","","","","","","","","","58","186","505","530","537","523","699","606","129","501","675","","","","","","","","","","","","","","","","","","",
"Cameroon","CMR","Railways, goods transported (million ton-km)","IS.RRS.GOOD.MT.K6","","","","","","","","","","","","","","","","","","","","","","","","","","","","","","","","","","","","812","607","869","837","612","1063","1159","1162","1062","1114","1119","1136.385798","1055","978","1018.255942","1081.346693","1056.962047","","","","","","841.569","812.416","974.087","955.515","874.050746","","",
"Congo, Dem. Rep.","COD","Railways, goods transported (million ton-km)","IS.RRS.GOOD.MT.K6","","","","","","","","","","","","","","","","","","","","","","","","","","","","","","","","","","","","251","318","262","365","326","362","409","430","403","491","427","323","299","275","152","193","158","170","174","148","133","174","194","188.0536","158","171.257609","192","","",
"Congo, Rep.","COG","Railways, goods transported (million ton-km)","IS.RRS.GOOD.MT.K6","","","","","","","","","","","","","","","","","","","","","","","","","","","","","","","","","","","","267","289","139","135","20","85","228","307","247","231","264","237","224","253","257","","","","","","","","","","","","","","",
"Colombia","COL","Railways, goods transported (million ton-km)","IS.RRS.GOOD.MT.K6","","","","","","","","","","","","","","","","","","","","","","","","","","","","","","","","","","","","","","","","","","","","","","","","","","","","","","","","","","","","","","","","",
"Comoros","COM","Railways, goods transported (million ton-km)","IS.RRS.GOOD.MT.K6","","","","","","","","","","","","","","","","","","","","","","","","","","","","","","","","","","","","","","","","","","","","","","","","","","","","","","","","","","","","","","","","",
"Cabo Verde","CPV","Railways, goods transported (million ton-km)","IS.RRS.GOOD.MT.K6","","","","","","","","","","","","","","","","","","","","","","","","","","","","","","","","","","","","","","","","","","","","","","","","","","","","","","","","","","","","","","","","",
"Costa Rica","CRI","Railways, goods transported (million ton-km)","IS.RRS.GOOD.MT.K6","","","","","","","","","","","","","","","","","","","","","","","","","","","","","","","","","","","","","","","","","","","","","","","","","","","","","","","","","","","","","","","","",
"Caribbean small states","CSS","Railways, goods transported (million ton-km)","IS.RRS.GOOD.MT.K6","","","","","","","","","","","","","","","","","","","","","","","","","","","","","","","","","","","","","","","","","","","","","","","","","","","","","","","","","","","","","","","","",
"Cuba","CUB","Railways, goods transported (million ton-km)","IS.RRS.GOOD.MT.K6","","","","","","","","","","","","","","","","","","","","","","","","","","","","","","","","","","","","886","1055","1075","1018","947","963","","1181","1232.9","1341","1371.2","1438.9","1351.1","","","","","","","","","","","","","","","","",
"Curacao","CUW","Railways, goods transported (million ton-km)","IS.RRS.GOOD.MT.K6","","","","","","","","","","","","","","","","","","","","","","","","","","","","","","","","","","","","","","","","","","","","","","","","","","","","","","","","","","","","","","","","",
"Cayman Islands","CYM","Railways, goods transported (million ton-km)","IS.RRS.GOOD.MT.K6","","","","","","","","","","","","","","","","","","","","","","","","","","","","","","","","","","","","","","","","","","","","","","","","","","","","","","","","","","","","","","","","",
"Cyprus","CYP","Railways, goods transported (million ton-km)","IS.RRS.GOOD.MT.K6","","","","","","","","","","","","","","","","","","","","","","","","","","","","","","","","","","","","","","","","","","","","","","","","","","","","","","","","","","","","","","","","",
"Czechia","CZE","Railways, goods transported (million ton-km)","IS.RRS.GOOD.MT.K6","","","","","","","","","","","","","","","","","","","","","","","","","","","","","","","","","","","","25459","24286","21010","18757","16713","17496","16882","15810","15862","15092","14866","15779","16304","15437","12791","13770","14316","14266","13965","14574","15261.102013","15618.690243","15842.778","16564.19","16179.68","15250.611","16326.011","","",
"Germany","DEU","Railways, goods transported (million ton-km)","IS.RRS.GOOD.MT.K6","","","","","","","","","","","","","","","","","","","","","","","","","","","","","","","","","","","","70500","70000","73900","74200","71900","77500","76165","76283","79841","86409","95421","107008","114615","115652","95834","107317","113317","110065","112613","112629","116632","128866","131204","129991","129161","108406","123067","","",
"Djibouti","DJI","Railways, goods transported (million ton-km)","IS.RRS.GOOD.MT.K6","","","","","","","","","","","","","","","","","","","","","","","","","","","","","","","","","","","","","","","","116","118","91","85","97","","118","","","","","","","","","","","","","","","","","","",
"Dominica","DMA","Railways, goods transported (million ton-km)","IS.RRS.GOOD.MT.K6","","","","","","","","","","","","","","","","","","","","","","","","","","","","","","","","","","","","","","","","","","","","","","","","","","","","","","","","","","","","","","","","",
"Denmark","DNK","Railways, goods transported (million ton-km)","IS.RRS.GOOD.MT.K6","","","","","","","","","","","","","","","","","","","","","","","","","","","","","","","","","","","","1985","1757","1983","2058","1938","2025","1961","1906","1985","2147","1967","1885","1776","1863","1696","2240","2614","2278","2448","2453","2603","2575","2653","2592","","","","","",
"Dominican Republic","DOM","Railways, goods transported (million ton-km)","IS.RRS.GOOD.MT.K6","","","","","","","","","","","","","","","","","","","","","","","","","","","","","","","","","","","","","","","","","","","","","","","","","","","","","","","","","","","","","","","","",
"Algeria","DZA","Railways, goods transported (million ton-km)","IS.RRS.GOOD.MT.K6","","","","","","","","","","","","","","","","","","","","","","","","","","","","","","","","","","","","1946","2139","2023","2174","2033","1980","1990","2247","2038","1945","1471","1429","1424.881","1562.16","1184","1281","1248","1253","","928","1011","885","1009","1026","908","","","","",
"East Asia & Pacific (excluding high income)","EAP","Railways, goods transported (million ton-km)","IS.RRS.GOOD.MT.K6","","","","","","","","","","","","","","","","","","","","","","","","","","","","","","","","","","","","1751","1533","1521","1324","2162.5","2084","","2947","1014","2682","","","","","","","","","","","","","","","","","","","",
"Early-demographic dividend","EAR","Railways, goods transported (million ton-km)","IS.RRS.GOOD.MT.K6","","","","","","","","","","","","","","","","","","","","","","","","","","","","","","","","","","","","1285","1364","1537.5","1741","","1980","","","","","","","","","","","","","","","","","","","","","","","",
"East Asia & Pacific","EAS","Railways, goods transported (million ton-km)","IS.RRS.GOOD.MT.K6","","","","","","","","","","","","","","","","","","","","","","","","","","","","","","","","","","","","2521.5","2541","2583","2857","3515","4078","","3894","3263.5","3970.5","","6804.25","4405","6856.5","","7166","7087","","","9724","9768","9767","10812.5","","","","","","",
"Europe & Central Asia (excluding high income)","ECA","Railways, goods transported (million ton-km)","IS.RRS.GOOD.MT.K6","","","","","","","","","","","","","","","","","","","","","","","","","","","","","","","","","","","","2262","2321","2608","2673","2221","1917","2049","3890","2591","3164","4804.55","4232","5739.5","6529.4","4200","4874.75","4832.9","4372.5","3022","3987.75","3754.625","3255.5","3125.5","2598","2865","2747","3123.5","","",
"Europe & Central Asia","ECS","Railways, goods transported (million ton-km)","IS.RRS.GOOD.MT.K6","","","","","","","","","","","","","","","","","","","","","","","","","","","","","","","","","","","","8452.5","7591","7764.5","7925.5","7563","8095","7561","7514","8109","8749","9545.5","10167","10029","10021","7632.5","8413.5","8539","9230","8930","9596","8468","9455","10362","9637.54","10270","7623.5","7973.3","","",
"Ecuador","ECU","Railways, goods transported (million ton-km)","IS.RRS.GOOD.MT.K6","","","","","","","","","","","","","","","","","","","","","","","","","","","","","","","","","","","","","","","","","","","","","","","","","","","","","","","","","","","","","","","","",
"Egypt, Arab Rep.","EGY","Railways, goods transported (million ton-km)","IS.RRS.GOOD.MT.K6","","","","","","","","","","","","","","","","","","","","","","","","","","","","","","","","","","","","2830","4117","3969","4004","3900","4012","4022","4188","","3840","3840","4188","","3840.367","","1592.136","","","","","","","","","","","","","",
"Euro area","EMU","Railways, goods transported (million ton-km)","IS.RRS.GOOD.MT.K6","","","","","","","","","","","","","","","","","","","","","","","","","","","","","","","","","","","","7287","8103","8622","8265","7849","8918","8557","9697","10047","10105","9706","10418","9647","9299","6964","8105","7960","8433","8930","9212.5","8453.5","9283","9424","9741.5","9375","7623.5","7973.3","","",
"Eritrea","ERI","Railways, goods transported (million ton-km)","IS.RRS.GOOD.MT.K6","","","","","","","","","","","","","","","","","","","","","","","","","","","","","","","","","","","","","","","","","","","","","","","","","","","","","","","","","","","","","","","","",
"Spain","ESP","Railways, goods transported (million ton-km)","IS.RRS.GOOD.MT.K6","","","","","","","","","","","","","","","","","","","","","","","","","","","","","","","","","","","","10419","10156","11486","11800","12035","12171","12322","12247","12411","12018","11641","11599","11212","10662","7714","8577","9593","9390","9366","10303","10812","10644","10507","10792","10459","8969.6","10299","","",
"Estonia","EST","Railways, goods transported (million ton-km)","IS.RRS.GOOD.MT.K6","","","","","","","","","","","","","","","","","","","","","","","","","","","","","","","","","","","","3846","4198","5102","6079","7295","8102","8557","9697","9670","10488","10639","10418","8430","5943","5934","6638","6271","5129","4722","3256","3114","2339","2325","2594","2155","1729","2128","","",
"Ethiopia","ETH","Railways, goods transported (million ton-km)","IS.RRS.GOOD.MT.K6","","","","","","","","","","","","","","","","","","","","","","","","","","","","","","","","","","","","","","","","","","","","","","","","","","","","","","","","","","","","","","","","",
"European Union","EUU","Railways, goods transported (million ton-km)","IS.RRS.GOOD.MT.K6","","","","","","","","","","","","","","","","","","","","","","","","","","","","","","","","","","","","8944","8454.5","9239","9075","8801","9512.5","9207","9732","10080","10296.5","10172.5","10739","10285.5","10268","7693.5","8693","9256.5","9275","9470","10158","10009.615","10527.534","10507","10792","10541.9545","8969.6","10299","","",
"Fragile and conflict affected situations","FCS","Railways, goods transported (million ton-km)","IS.RRS.GOOD.MT.K6","","","","","","","","","","","","","","","","","","","","","","","","","","","","","","","","","","","","","","","","","","","","","","","","","","","","","","","","","","","","","","","","",
"Finland","FIN","Railways, goods transported (million ton-km)","IS.RRS.GOOD.MT.K6","","","","","","","","","","","","","","","","","","","","","","","","","","","","","","","","","","","","9293","8806","9856","9885","9753","10107","9857","9664","10047","10105","9706","11060","10434","10777","8872","9750","9395","9275","9470","9596","8468","9455","10362","11175","10270","10138","10749","","",
"Fiji","FJI","Railways, goods transported (million ton-km)","IS.RRS.GOOD.MT.K6","","","","","","","","","","","","","","","","","","","","","","","","","","","","","","","","","","","","","","","","","","","","","","","","","","","","","","","","","","","","","","","","",
"France","FRA","Railways, goods transported (million ton-km)","IS.RRS.GOOD.MT.K6","","","","","","","","","","","","","","","","","","","","","","","","","","","","","","","","","","","","46560","48320","52630","52660","52120","55350","50344","49977","46758","45035","39659","41179","42612","40436","32129","29965","34202","32539","32230","32596","36328.056893","34699.8","35464.9","33835.6","33893.1","31281.8","35751.3","","",
"Faroe Islands","FRO","Railways, goods transported (million ton-km)","IS.RRS.GOOD.MT.K6","","","","","","","","","","","","","","","","","","","","","","","","","","","","","","","","","","","","","","","","","","","","","","","","","","","","","","","","","","","","","","","","",
"Micronesia, Fed. Sts.","FSM","Railways, goods transported (million ton-km)","IS.RRS.GOOD.MT.K6","","","","","","","","","","","","","","","","","","","","","","","","","","","","","","","","","","","","","","","","","","","","","","","","","","","","","","","","","","","","","","","","",
"Gabon","GAB","Railways, goods transported (million ton-km)","IS.RRS.GOOD.MT.K6","","","","","","","","","","","","","","","","","","","","","","","","","","","","","","","","","","","","503","493","1636","1741","1609","1702","1834","2998","","1904","2219","2202","2502","2485","1581","2238","2417","2235","2613","2447","2727","2058","3276","3210.576346","406","409","","","",
"United Kingdom","GBR","Railways, goods transported (million ton-km)","IS.RRS.GOOD.MT.K6","","","","","","","","","","","","","","","","","","","","","","","","","","","","","","","","","","","","13300","15100","16900","17340","18050.424536214","18169.862865357","19199.607124964","18633.81459925","18745.175509571","20136.782576286","21426.789011214","21918.784355994","21265.297399239","21076.885656054","19171.477488606","18576.419860376","20973.823473378","21466.803050594","22401.431120115","22143.367020006","19342.444761281","17053.216554029","17166.930314851","17205.693315326","16884.335172455","15212.12270599","","","",
"Georgia","GEO","Railways, goods transported (million ton-km)","IS.RRS.GOOD.MT.K6","","","","","","","","","","","","","","","","","","","","","","","","","","","","","","","","","","","","1246","1141","2006","2694","3160","3912","4481","5065","5538.5","4862","6127.1","7378.7","6928","6529.4","5433","6227.5","6054.8","5976","5539.6","4987.5","4261.25","3424","2963","2598","2935","2925","3322","","",
"Ghana","GHA","Railways, goods transported (million ton-km)","IS.RRS.GOOD.MT.K6","","","","","","","","","","","","","","","","","","","","","","","","","","","","","","","","","","","","157","151","155","141","151","165","","","242","","","181","","","","","","","","","","","","","","","","","",
"Gibraltar","GIB","Railways, goods transported (million ton-km)","IS.RRS.GOOD.MT.K6","","","","","","","","","","","","","","","","","","","","","","","","","","","","","","","","","","","","","","","","","","","","","","","","","","","","","","","","","","","","","","","","",
"Guinea","GIN","Railways, goods transported (million ton-km)","IS.RRS.GOOD.MT.K6","","","","","","","","","","","","","","","","","","","","","","","","","","","","","","","","","","","","","","","","","","","","","","","","","","","","","","","","","","","","","","","","",
"Gambia, The","GMB","Railways, goods transported (million ton-km)","IS.RRS.GOOD.MT.K6","","","","","","","","","","","","","","","","","","","","","","","","","","","","","","","","","","","","","","","","","","","","","","","","","","","","","","","","","","","","","","","","",
"Guinea-Bissau","GNB","Railways, goods transported (million ton-km)","IS.RRS.GOOD.MT.K6","","","","","","","","","","","","","","","","","","","","","","","","","","","","","","","","","","","","","","","","","","","","","","","","","","","","","","","","","","","","","","","","",
"Equatorial Guinea","GNQ","Railways, goods transported (million ton-km)","IS.RRS.GOOD.MT.K6","","","","","","","","","","","","","","","","","","","","","","","","","","","","","","","","","","","","","","","","","","","","","","","","","","","","","","","","","","","","","","","","",
"Greece","GRC","Railways, goods transported (million ton-km)","IS.RRS.GOOD.MT.K6","","","","","","","","","","","","","","","","","","","","","","","","","","","","","","","","","","","","306","353","344","318","384","426","379","327","456","592","613","662","835","786","537","601","352","283","238","343","294","254","358","408","491","555","579","","",
"Grenada","GRD","Railways, goods transported (million ton-km)","IS.RRS.GOOD.MT.K6","","","","","","","","","","","","","","","","","","","","","","","","","","","","","","","","","","","","","","","","","","","","","","","","","","","","","","","","","","","","","","","","",
"Greenland","GRL","Railways, goods transported (million ton-km)","IS.RRS.GOOD.MT.K6","","","","","","","","","","","","","","","","","","","","","","","","","","","","","","","","","","","","","","","","","","","","","","","","","","","","","","","","","","","","","","","","",
"Guatemala","GTM","Railways, goods transported (million ton-km)","IS.RRS.GOOD.MT.K6","","","","","","","","","","","","","","","","","","","","","","","","","","","","","","","","","","","","14","","","","","2207","","","","","","","","","","","","","","","","","","","","","","","",
"Guam","GUM","Railways, goods transported (million ton-km)","IS.RRS.GOOD.MT.K6","","","","","","","","","","","","","","","","","","","","","","","","","","","","","","","","","","","","","","","","","","","","","","","","","","","","","","","","","","","","","","","","",
"Guyana","GUY","Railways, goods transported (million ton-km)","IS.RRS.GOOD.MT.K6","","","","","","","","","","","","","","","","","","","","","","","","","","","","","","","","","","","","","","","","","","","","","","","","","","","","","","","","","","","","","","","","",
"High income","HIC","Railways, goods transported (million ton-km)","IS.RRS.GOOD.MT.K6","","","","","","","","","","","","","","","","","","","","","","","","","","","","","","","","","","","","8856","8806","9856","9857","9792","10364","10174.5","10075","10355.5","10564.5","10373.5","10807","10680.5","10777","9072.5","9130.5","9593","9830.5","10090.5","10230.5","10410.8075","10585.767","10925.7825","10983.5","10624.909","9553.8","10299","","",
"Hong Kong SAR, China","HKG","Railways, goods transported (million ton-km)","IS.RRS.GOOD.MT.K6","","","","","","","","","","","","","","","","","","","","","","","","","","","","","","","","","","","","41","","","","","","","","","","","","","","","","","","","","","","","","","","","","",
"Honduras","HND","Railways, goods transported (million ton-km)","IS.RRS.GOOD.MT.K6","","","","","","","","","","","","","","","","","","","","","","","","","","","","","","","","","","","","","","","","","","","","","","","","","","","","","","","","","","","","","","","","",
"Heavily indebted poor countries (HIPC)","HPC","Railways, goods transported (million ton-km)","IS.RRS.GOOD.MT.K6","","","","","","","","","","","","","","","","","","","","","","","","","","","","","","","","","","","","","","","","","","","","","","","","","","","","","","","","","","","","","","","","",
"Croatia","HRV","Railways, goods transported (million ton-km)","IS.RRS.GOOD.MT.K6","","","","","","","","","","","","","","","","","","","","","","","","","","","","","","","","","","","","1974","1717","1715","1831","1685","1788","2074","2206","2487","2493","2835","3305","3574","3312","2641","2618","2438","2332","2086","2119","2183","2160","2592","2743","2911","3279","3172","","",
"Haiti","HTI","Railways, goods transported (million ton-km)","IS.RRS.GOOD.MT.K6","","","","","","","","","","","","","","","","","","","","","","","","","","","","","","","","","","","","","","","","","","","","","","","","","","","","","","","","","","","","","","","","",
"Hungary","HUN","Railways, goods transported (million ton-km)","IS.RRS.GOOD.MT.K6","","","","","","","","","","","","","","","","","","","","","","","","","","","","","","","","","","","","8337","7633","8064","8150","7734","8095","7731","7752","8109","8749","9090","10167","10137","9874","7673","8809","9118","9230","9722","10158","10009.615","10527.534","11344.565","10584.08","10624.909","11594.698","11345.601","","",
"IBRD only","IBD","Railways, goods transported (million ton-km)","IS.RRS.GOOD.MT.K6","","","","","","","","","","","","","","","","","","","","","","","","","","","","","","","","","","","","2355.5","2659","2818","2865.5","3337.5","3912","4251.5","4188","4583.5","4449.5","3938.5","4893","5837","5452","6512.5","4736.5","6054.8","","","6377.2495","5479.2605","4634.3779585","4282","","3821.8","","","","",
"IDA & IBRD total","IBT","Railways, goods transported (million ton-km)","IS.RRS.GOOD.MT.K6","","","","","","","","","","","","","","","","","","","","","","","","","","","","","","","","","","","","1324.5","1390.5","1480","1442","1398","1568","","2000","","","","","","","","","","","","","","","","","","","","","",
"IDA total","IDA","Railways, goods transported (million ton-km)","IS.RRS.GOOD.MT.K6","","","","","","","","","","","","","","","","","","","","","","","","","","","","","","","","","","","","","","","","","","","","","","","","","","","","","","","","","","","","","","","","",
"IDA blend","IDB","Railways, goods transported (million ton-km)","IS.RRS.GOOD.MT.K6","","","","","","","","","","","","","","","","","","","","","","","","","","","","","","","","","","","","1282","1309","968.5","1111","1052","1557","1603","1162","698.914","1114","926.4705","1136.385798","1580","","","","","","","","","","","","","","","","",
"Indonesia","IDN","Railways, goods transported (million ton-km)","IS.RRS.GOOD.MT.K6","","","","","","","","","","","","","","","","","","","","","","","","","","","","","","","","","","","","4170","4730","4980","4960","5141","4997","","","","","","4390","4405","5452","","7166","","","","9884","10057","11120","13396","15091","15573","","","","",
"IDA only","IDX","Railways, goods transported (million ton-km)","IS.RRS.GOOD.MT.K6","","","","","","","","","","","","","","","","","","","","","","","","","","","","","","","","","","","","","","","","","","","","","","","","","","","","","","","","","","","","","","","","",
"Isle of Man","IMN","Railways, goods transported (million ton-km)","IS.RRS.GOOD.MT.K6","","","","","","","","","","","","","","","","","","","","","","","","","","","","","","","","","","","","","","","","","","","","","","","","","","","","","","","","","","","","","","","","",
"India","IND","Railways, goods transported (million ton-km)","IS.RRS.GOOD.MT.K6","","","","","","","","","","","","","","","","","","","","","","","","","","","","","","","","","","","","249564","270489","277567","284249","281513","305201","312371","333228","353194","381241","407398","439596","480993","521371","551448","600548","625723","667607","649645","665810","681696","654481","620175","692916","738523","707665","719762","","",
"Not classified","INX","Railways, goods transported (million ton-km)","IS.RRS.GOOD.MT.K6","","","","","","","","","","","","","","","","","","","","","","","","","","","","","","","","","","","","","","","","","","","","","","","","","","","","","","","","","","","","","","","","",
"Ireland","IRL","Railways, goods transported (million ton-km)","IS.RRS.GOOD.MT.K6","","","","","","","","","","","","","","","","","","","","","","","","","","","","","","","","","","","","602","570","522","466","526","491","516","426","398","399","303","207","129","103","79","92","105","91","99","100","96","101","100","89","72","74","70","","",
"Iran, Islamic Rep.","IRN","Railways, goods transported (million ton-km)","IS.RRS.GOOD.MT.K6","","","","","","","","","","","","","","","","","","","","","","","","","","","","","","","","","","","","11865","13638","14400","12638","14082","14179","14613","15842","18048","18182.1","19127","20542","21729","22140","20247","21779.374","21008","22604","22400","24461","25014","27243","30299","34859","33645.702256","35963","32920","","",
"Iraq","IRQ","Railways, goods transported (million ton-km)","IS.RRS.GOOD.MT.K6","","","","","","","","","","","","","","","","","","","","","","","","","","","","","","","","","","","","1120","908","947","751","821","867","1109","1683","","1079","733","64","","120.634","","249.463","","","","","","","","","","","","","",
"Iceland","ISL","Railways, goods transported (million ton-km)","IS.RRS.GOOD.MT.K6","","","","","","","","","","","","","","","","","","","","","","","","","","","","","","","","","","","","","","","","","","","","","","","","","","","","","","","","","","","","","","","","",
"Israel","ISR","Railways, goods transported (million ton-km)","IS.RRS.GOOD.MT.K6","","","","","","","","","","","","","","","","","","","","","","","","","","","","","","","","","","","","1175.7","1151.9","991.7","1049.2","1127.7","1172.9","1098.4","1102.5","1111.9","1173.2","1148.7","1122.5","1176.7","1056","799.2","1062","1099.2","1011.2","1058","1165.4","1155","1404.4","1380.5","1235.1","1241.5","1250.1","1085","","",
"Italy","ITA","Railways, goods transported (million ton-km)","IS.RRS.GOOD.MT.K6","","","","","","","","","","","","","","","","","","","","","","","","","","","","","","","","","","","","24050","23314","25228","24704","23781","25839","24352","23060","22457","23271","22199","22907","23289","21981","17791","18616","19787","20244","19037","20157","20781","22712","22335","22070","21309","20750","24262","","",
"Jamaica","JAM","Railways, goods transported (million ton-km)","IS.RRS.GOOD.MT.K6","","","","","","","","","","","","","","","","","","","","","","","","","","","","","","","","","","","","","","","","","","","","","","","","","","","","","","","","","","","","","","","","",
"Jordan","JOR","Railways, goods transported (million ton-km)","IS.RRS.GOOD.MT.K6","","","","","","","","","","","","","","","","","","","","","","","","","","","","","","","","","","","","706","750","622","","622","575","249","529","2422.5","","517.999","","433","449","353","344.1","","","","","","","","","","","","","",
"Japan","JPN","Railways, goods transported (million ton-km)","IS.RRS.GOOD.MT.K6","","","","","","","","","","","","","","","","","","","","","","","","","","","","","","","","","","","","25101","24968","24617","22920","22541","22136","22193","22131","22794","22476","22813","23192","23334","22256","20562","20398","19998","20471","21071","21029","21519","21265","21663","19369","19993","18340","","","",
"Kazakhstan","KAZ","Railways, goods transported (million ton-km)","IS.RRS.GOOD.MT.K6","","","","","","","","","","","","","","","","","","","","","","","","","","","","","","","","","","","","124502","108596","106425","99877","91700","","","","","","","","200558.2","215110.6","194918.6","210713.3","219739.8","232939.6","229142.2","214110.9","235580.4","236971.7","262097.5","283117.8","289174","302156.1","","","",
"Kenya","KEN","Railways, goods transported (million ton-km)","IS.RRS.GOOD.MT.K6","","","","","","","","","","","","","","","","","","","","","","","","","","","","","","","","","","","","1282","1309","1068","1111","1492","1557","1603","1538","","1399","","","","","","","","","","","","","","","","","","","",
"Kyrgyz Republic","KGZ","Railways, goods transported (million ton-km)","IS.RRS.GOOD.MT.K6","","","","","","","","","","","","","","","","","","","","","","","","","","","","","","","","","","","","403","481","472","466","355","337","332","395","562","715","","751.8","848.9","945.5","744.5","737.7","798.3","922.7","1002","1010","918","807","935","949","870.4","937","1003","","",
"Cambodia","KHM","Railways, goods transported (million ton-km)","IS.RRS.GOOD.MT.K6","","","","","","","","","","","","","","","","","","","","","","","","","","","","","","","","","","","","","9","35","75","78","92","","","92","","","","","","","","","","","","","","","","","","","","",
"Kiribati","KIR","Railways, goods transported (million ton-km)","IS.RRS.GOOD.MT.K6","","","","","","","","","","","","","","","","","","","","","","","","","","","","","","","","","","","","","","","","","","","","","","","","","","","","","","","","","","","","","","","","",
"St. Kitts and Nevis","KNA","Railways, goods transported (million ton-km)","IS.RRS.GOOD.MT.K6","","","","","","","","","","","","","","","","","","","","","","","","","","","","","","","","","","","","","","","","","","","","","","","","","","","","","","","","","","","","","","","","",
"Korea, Rep.","KOR","Railways, goods transported (million ton-km)","IS.RRS.GOOD.MT.K6","","","","","","","","","","","","","","","","","","","","","","","","","","","","","","","","","","","","12889","11914","11654","9857","9924","10621","10492","10784","11057","10641","10108","10554","10927","11566","9273","9452","9996","10271","10459","9564","9479","8414","8229","7878","7357","6652","6757","","",
"Kuwait","KWT","Railways, goods transported (million ton-km)","IS.RRS.GOOD.MT.K6","","","","","","","","","","","","","","","","","","","","","","","","","","","","","","","","","","","","","","","","","","","","","","","","","","","","","","","","","","","","","","","","",
"Latin America & Caribbean (excluding high income)","LAC","Railways, goods transported (million ton-km)","IS.RRS.GOOD.MT.K6","","","","","","","","","","","","","","","","","","","","","","","","","","","","","","","","","","","","","","","","","","","","","","","","","","","","","","","","","","","","","","","","",
"Lao PDR","LAO","Railways, goods transported (million ton-km)","IS.RRS.GOOD.MT.K6","","","","","","","","","","","","","","","","","","","","","","","","","","","","","","","","","","","","","","","","","","","","","","","","","","","","","","","","","","","","","","","","",
"Lebanon","LBN","Railways, goods transported (million ton-km)","IS.RRS.GOOD.MT.K6","","","","","","","","","","","","","","","","","","","","","","","","","","","","","","","","","","","","","","","","","","","","","","","","","","","","","","","","","","","","","","","","",
"Liberia","LBR","Railways, goods transported (million ton-km)","IS.RRS.GOOD.MT.K6","","","","","","","","","","","","","","","","","","","","","","","","","","","","","","","","","","","","","","","","","","","","","","","","","","","","","","","","","","","","","","","","",
"Libya","LBY","Railways, goods transported (million ton-km)","IS.RRS.GOOD.MT.K6","","","","","","","","","","","","","","","","","","","","","","","","","","","","","","","","","","","","","","","","","","","","","","","","","","","","","","","","","","","","","","","","",
"St. Lucia","LCA","Railways, goods transported (million ton-km)","IS.RRS.GOOD.MT.K6","","","","","","","","","","","","","","","","","","","","","","","","","","","","","","","","","","","","","","","","","","","","","","","","","","","","","","","","","","","","","","","","",
"Latin America & Caribbean","LCN","Railways, goods transported (million ton-km)","IS.RRS.GOOD.MT.K6","","","","","","","","","","","","","","","","","","","","","","","","","","","","","","","","","","","","","","","","","","","","","","","","","","","","","","","","","","","","","","","","",
"Least developed countries: UN classification","LDC","Railways, goods transported (million ton-km)","IS.RRS.GOOD.MT.K6","","","","","","","","","","","","","","","","","","","","","","","","","","","","","","","","","","","","","","","","","","","","","","","","","","","","","","","","","","","","","","","","",
"Low income","LIC","Railways, goods transported (million ton-km)","IS.RRS.GOOD.MT.K6","","","","","","","","","","","","","","","","","","","","","","","","","","","","","","","","","","","","","","","","","","","","","","","","","","","","","","","","","","","","","","","","",
"Liechtenstein","LIE","Railways, goods transported (million ton-km)","IS.RRS.GOOD.MT.K6","","","","","","","","","","","","","","","","","","","","","","","","","","","","","","","","","","","","","","","","","","","","","","","","18","17","10","11","10","10","9","","","","","","","","","","",
"Sri Lanka","LKA","Railways, goods transported (million ton-km)","IS.RRS.GOOD.MT.K6","","","","","","","","","","","","","","","","","","","","","","","","","","","","","","","","","","","","137","108","96","106","107","","","","126.5","138","134.7","","135","","","","153.9","142.4","133","","127.39","","","","","","","","",
"Lower middle income","LMC","Railways, goods transported (million ton-km)","IS.RRS.GOOD.MT.K6","","","","","","","","","","","","","","","","","","","","","","","","","","","","","","","","","","","","759","749","674","837","759","1195","","1185","952","1114","","","","","","","","","","","","","","","","","","","",
"Low & middle income","LMY","Railways, goods transported (million ton-km)","IS.RRS.GOOD.MT.K6","","","","","","","","","","","","","","","","","","","","","","","","","","","","","","","","","","","","1264","1225","1360.5","1217.5","1282","1538","","1683","","","","","","","","","","","","","","","","","","","","","",
"Lesotho","LSO","Railways, goods transported (million ton-km)","IS.RRS.GOOD.MT.K6","","","","","","","","","","","","","","","","","","","","","","","","","","","","","","","","","","","","","","","","","","","","","","","","","","","","","","","","","","","","","","","","",
"Late-demographic dividend","LTE","Railways, goods transported (million ton-km)","IS.RRS.GOOD.MT.K6","","","","","","","","","","","","","","","","","","","","","","","","","","","","","","","","","","","","2355.5","2541","2583","2694","2927","2282","3409.5","3894","3000","3600.5","3759.5","5744","5194","5451","5433","4736.5","5047.349612","4609.3693735","4351.731506","4251.9","4105.5623085","3424","3574","3186","3007.41987616355","2836","","","",
"Lithuania","LTU","Railways, goods transported (million ton-km)","IS.RRS.GOOD.MT.K6","","","","","","","","","","","","","","","","","","","","","","","","","","","","","","","","","","","","7220","8103","8622","8265","7849","8918","7741","9767","11457","11637","12457","12896","14373","14748","11888","13431","15088","14172","13344","14307","14036","13790","15414","16885","16181","15865","14566","","",
"Luxembourg","LUX","Railways, goods transported (million ton-km)","IS.RRS.GOOD.MT.K6","","","","","","","","","","","","","","","","","","","","","","","","","","","","","","","","","","","","529","530","566","561","609","633","587","571","523","559","392","441","287","280","200","309","270","231","218","208","206.945675","201.499302247","213.657253404","223.158399212","191.152773984","162","176","","",
"Latvia","LVA","Railways, goods transported (million ton-km)","IS.RRS.GOOD.MT.K6","","","","","","","","","","","","","","","","","","","","","","","","","","","","","","","","","","","","9757","12412","13970","12965","12210","13310","14179","15020","17955","18618","19779","16831","18313","19581","18725","17179","21410","21867","19532","19441","18906","15873","15014","17859","15019","7979","7366.6","","",
"Macao SAR, China","MAC","Railways, goods transported (million ton-km)","IS.RRS.GOOD.MT.K6","","","","","","","","","","","","","","","","","","","","","","","","","","","","","","","","","","","","","","","","","","","","","","","","","","","","","","","","","","","","","","","","",
"St. Martin (French part)","MAF","Railways, goods transported (million ton-km)","IS.RRS.GOOD.MT.K6","","","","","","","","","","","","","","","","","","","","","","","","","","","","","","","","","","","","","","","","","","","","","","","","","","","","","","","","","","","","","","","","",
"Morocco","MAR","Railways, goods transported (million ton-km)","IS.RRS.GOOD.MT.K6","","","","","","","","","","","","","","","","","","","","","","","","","","","","","","","","","","","","4509","4666","4758","4757","4729","4576","4622","4943","5110","5524","5825","5744","5837","4959","4111","5572","5976","","","5383.499","4748.521","3831","3896","3485","3125","3111","3148","","",
"Monaco","MCO","Railways, goods transported (million ton-km)","IS.RRS.GOOD.MT.K6","","","","","","","","","","","","","","","","","","","","","","","","","","","","","","","","","","","","","","","","","","","","","","","","","","","","","","","","","","","","","","","","",
"Moldova","MDA","Railways, goods transported (million ton-km)","IS.RRS.GOOD.MT.K6","","","","","","","","","","","","","","","","","","","","","","","","","","","","","","","","","","","","3004","2785","2818","2652","1232","1538","2049","2715","3000","2968","2980","3656","3092","2873","1058","959","1196","960","1227","1182","963","790","987","1012","940.3","599","664.5","","",
"Madagascar","MDG","Railways, goods transported (million ton-km)","IS.RRS.GOOD.MT.K6","","","","","","","","","","","","","","","","","","","","","","","","","","","","","","","","","","","","94","85","89","78","39","27","12","12","","","","","1","","131.9","","","","","122.335","","","","","","","","","",
"Maldives","MDV","Railways, goods transported (million ton-km)","IS.RRS.GOOD.MT.K6","","","","","","","","","","","","","","","","","","","","","","","","","","","","","","","","","","","","","","","","","","","","","","","","","","","","","","","","","","","","","","","","",
"Middle East & North Africa","MEA","Railways, goods transported (million ton-km)","IS.RRS.GOOD.MT.K6","","","","","","","","","","","","","","","","","","","","","","","","","","","","","","","","","","","","1615.5","1751.5","1731","2174","1606","1774","1740.5","2030.4445","","1945","1769","2174","","1910.5","","1722.304","","","","","","","","","","","","","",
"Mexico","MEX","Railways, goods transported (million ton-km)","IS.RRS.GOOD.MT.K6","","","","","","","","","","","","","","","","","","","","","","","","","","","","","","","","","","","","37613","41723","42442","46874","47273","48333","46615","51616","54132","54387","54054","66163","77169","74582","69185","78770","79728","79353","77717","79855","82712","84683","86316","87924","89049","86224","92437","","",
"Marshall Islands","MHL","Railways, goods transported (million ton-km)","IS.RRS.GOOD.MT.K6","","","","","","","","","","","","","","","","","","","","","","","","","","","","","","","","","","","","","","","","","","","","","","","","","","","","","","","","","","","","","","","","",
"Middle income","MIC","Railways, goods transported (million ton-km)","IS.RRS.GOOD.MT.K6","","","","","","","","","","","","","","","","","","","","","","","","","","","","","","","","","","","","1364","1417","1521","1458","1340","1809.5","2049","2249","1350.45","1924.5","","","4157.5","","","","","","","","","","","","","","","","",
"North Macedonia","MKD","Railways, goods transported (million ton-km)","IS.RRS.GOOD.MT.K6","","","","","","","","","","","","","","","","","","","","","","","","","","","","","","","","","","","","169","271","279","408","380","527","462","334","373","426","530","614","778","743","497","525","479","423","421","411","278","222","277","305","350","342","375.361677","","",
"Mali","MLI","Railways, goods transported (million ton-km)","IS.RRS.GOOD.MT.K6","","","","","","","","","","","","","","","","","","","","","","","","","","","","","","","","","","","","249","256","258","251","241","188","161","189","","","","","","","","","","","","","","","","","","","","","",
"Malta","MLT","Railways, goods transported (million ton-km)","IS.RRS.GOOD.MT.K6","","","","","","","","","","","","","","","","","","","","","","","","","","","","","","","","","","","","","","","","","","","","","","","","","","","","","","","","","","","","","","","","",
"Myanmar","MMR","Railways, goods transported (million ton-km)","IS.RRS.GOOD.MT.K6","","","","","","","","","","","","","","","","","","","","","","","","","","","","","","","","","","","","659","748","674","988","1103","1222","","1185","1014","885","","","","","","","","","","","","","","","","","","","",
"Middle East & North Africa (excluding high income)","MNA","Railways, goods transported (million ton-km)","IS.RRS.GOOD.MT.K6","","","","","","","","","","","","","","","","","","","","","","","","","","","","","","","","","","","","2124","2224","2175.5","2315","1834","2131","2131.5","2249","2297.75","2082","2070.685","2458","2374","2221.7365","","1808.3085","","","","","","","","","","","","","",
"Montenegro","MNE","Railways, goods transported (million ton-km)","IS.RRS.GOOD.MT.K6","","","","","","","","","","","","","","","","","","","","","","","","","","","","","","","","","","","","","","","","","","51","66","55","94","132","133","183","185.9","104","150","136","73","104.7","94.4","111.9","112.5","168.9","112.856","130.33","","","","",
"Mongolia","MNG","Railways, goods transported (million ton-km)","IS.RRS.GOOD.MT.K6","","","","","","","","","","","","","","","","","","","","","","","","","","","","","","","","","","","","","2541","2583","2857","3515","4293","5287","6452","","8857","","9218.5","8361","8261","7852","10287","11418","12143","12077","12474","11462.59","12371","13493","","17384","18972","18345","","",
"Northern Mariana Islands","MNP","Railways, goods transported (million ton-km)","IS.RRS.GOOD.MT.K6","","","","","","","","","","","","","","","","","","","","","","","","","","","","","","","","","","","","","","","","","","","","","","","","","","","","","","","","","","","","","","","","",
"Mozambique","MOZ","Railways, goods transported (million ton-km)","IS.RRS.GOOD.MT.K6","","","","","","","","","","","","","","","","","","","","","","","","","","","","","","","","","","","","886","983","896","707","721","438","774","808","1362","","768.3","775.1","736.3","717.7","772.3","1009.8","1193.4","","","","","","","","","","","","",
"Mauritania","MRT","Railways, goods transported (million ton-km)","IS.RRS.GOOD.MT.K6","","","","","","","","","","","","","","","","","","","","","","","","","","","","","","","","","","","","","","","","","","","9554","10153","10674","","","7581.6","7565.64","","7535.7","","","","","","","","","","","","","",
"Mauritius","MUS","Railways, goods transported (million ton-km)","IS.RRS.GOOD.MT.K6","","","","","","","","","","","","","","","","","","","","","","","","","","","","","","","","","","","","","","","","","","","","","","","","","","","","","","","","","","","","","","","","",
"Malawi","MWI","Railways, goods transported (million ton-km)","IS.RRS.GOOD.MT.K6","","","","","","","","","","","","","","","","","","","","","","","","","","","","","","","","","","","","","","","","","","","","","","","","33","","","","","","","","","","","","","","","","",
"Malaysia","MYS","Railways, goods transported (million ton-km)","IS.RRS.GOOD.MT.K6","","","","","","","","","","","","","","","","","","","","","","","","","","","","","","","","","","","","1416","1417","1337","992","907","916","1094","1107","886","1016","1177","1572","1355.2370783025","1350","1384.10928416","1482.69","1535","1564","1760","1741","1474","1349","1234","1315","1141.586432","817.647143","","","",
"North America","NAC","Railways, goods transported (million ton-km)","IS.RRS.GOOD.MT.K6","","","","","","","","","","","","","","","","","","","","","","","","","","","","","","","","","","","","1906206","1112623.5","1119394.5","1133086","1179226","1212016.5","1237397.5","1244412","1282703.5","1377540","1407303","1464175","1466431","1464727.5","1265851.5","1400686.5","1436204.5","1434298.5","1463810","1558402.5","1480119","1355749.5","1432637.5","1485381.662","1401598.7645","1273057.9925","1334785.357","","",
"Namibia","NAM","Railways, goods transported (million ton-km)","IS.RRS.GOOD.MT.K6","","","","","","","","","","","","","","","","","","","","","","","","","","","","","","","","","","","","","","","","","","","","","","","","","","","","","","","","","","","","","","","","",
"New Caledonia","NCL","Railways, goods transported (million ton-km)","IS.RRS.GOOD.MT.K6","","","","","","","","","","","","","","","","","","","","","","","","","","","","","","","","","","","","","","","","","","","","","","","","","","","","","","","","","","","","","","","","",
"Niger","NER","Railways, goods transported (million ton-km)","IS.RRS.GOOD.MT.K6","","","","","","","","","","","","","","","","","","","","","","","","","","","","","","","","","","","","","","","","","","","","","","","","","","","","","","","","","","","","","","","","",
"Nigeria","NGA","Railways, goods transported (million ton-km)","IS.RRS.GOOD.MT.K6","","","","","","","","","","","","","","","","","","","","","","","","","","","","","","","","","","","","","","480","","54","","","44","39","57.214","76.926","","","","","","","","","","","","","","","","","","",
"Nicaragua","NIC","Railways, goods transported (million ton-km)","IS.RRS.GOOD.MT.K6","","","","","","","","","","","","","","","","","","","","","","","","","","","","","","","","","","","","","","","","","","","","","","","","","","","","","","","","","","","","","","","","",
"Netherlands","NLD","Railways, goods transported (million ton-km)","IS.RRS.GOOD.MT.K6","","","","","","","","","","","","","","","","","","","","","","","","","","","","","","","","","","","","3016","3164","3434","3714","3988","4610","4293","4323","4705","5831","5914","6289","7216","6984","5578","5925","6378","6142","6078","6169","6545","6641","6467","7026","7080","6665","7188","","",
"Norway","NOR","Railways, goods transported (million ton-km)","IS.RRS.GOOD.MT.K6","","","","","","","","","","","","","","","","","","","","","","","","","","","","","","","","","","","","1647","1835","1949","1934","1817","1775","1933","1686","2626","2845","3149","3351","3502","3622","3506","3498","3574","3582","3513","3682","3631","3823","4040","3970","3903","4110","4305","","",
"Nepal","NPL","Railways, goods transported (million ton-km)","IS.RRS.GOOD.MT.K6","","","","","","","","","","","","","","","","","","","","","","","","","","","","","","","","","","","","","","","","","","","","","","","","","","","","","","","","","","","","","","","","",
"Nauru","NRU","Railways, goods transported (million ton-km)","IS.RRS.GOOD.MT.K6","","","","","","","","","","","","","","","","","","","","","","","","","","","","","","","","","","","","","","","","","","","","","","","","","","","","","","","","","","","","","","","","",
"New Zealand","NZL","Railways, goods transported (million ton-km)","IS.RRS.GOOD.MT.K6","","","","","","","","","","","","","","","","","","","","","","","","","","","","","","","","","","","","","","","","3671","4078","3942","3766","3853","3904","4322","4312","4329","4556","3962","3919","4178","4768.056076","4679.200692","4492.652586","4348.553709","4189.628417","3618.534146","4217","4545","4131","4444","","",
"OECD members","OED","Railways, goods transported (million ton-km)","IS.RRS.GOOD.MT.K6","","","","","","","","","","","","","","","","","","","","","","","","","","","","","","","","","","","","9757","11035","11570","10819","9859","11080","10929","10746","11057","11489","11641","11599","11212","11566","10326","10412","10761","11061","11177","11992","10812","11661","11653","11776","13186.5","11328.849","11345.601","","",
"Oman","OMN","Railways, goods transported (million ton-km)","IS.RRS.GOOD.MT.K6","","","","","","","","","","","","","","","","","","","","","","","","","","","","","","","","","","","","","","","","","","","","","","","","","","","","","","","","","","","","","","","","",
"Other small states","OSS","Railways, goods transported (million ton-km)","IS.RRS.GOOD.MT.K6","","","","","","","","","","","","","","","","","","","","","","","","","","","","","","","","","","","","3846","4198","5102","","","","","5193.0885","5184.457","5598.933","5686.4705","5549.2045","","","","","","","","","","","","","","","","","",
"Pakistan","PAK","Railways, goods transported (million ton-km)","IS.RRS.GOOD.MT.K6","","","","","","","","","","","","","","","","","","","","","","","","","","","","","","","","","","","","5661","5077","4607","4447","3970","3612","4520","4573","4813","4796","5014","5907","5454","6187","","","1757","402.481","419.241","1090","3301","4774","5031","8080","","","","","",
"Panama","PAN","Railways, goods transported (million ton-km)","IS.RRS.GOOD.MT.K6","","","","","","","","","","","","","","","","","","","","","","","","","","","","","","","","","","","","","","","","","","","","","","","","","","","","","","","","","","","","","","","","",
"Peru","PER","Railways, goods transported (million ton-km)","IS.RRS.GOOD.MT.K6","","","","","","","","","","","","","","","","","","","","","","","","","","","","","","","","","","","","407","453","528","599","","","","","","","","","","","","","","","","","","","","","","","","","",
"Philippines","PHL","Railways, goods transported (million ton-km)","IS.RRS.GOOD.MT.K6","","","","","","","","","","","","","","","","","","","","","","","","","","","","","","","","","","","","6","1","1","1","","","","","0.695","0.764","","","","","","","","","","","","","","","","","","","",
"Palau","PLW","Railways, goods transported (million ton-km)","IS.RRS.GOOD.MT.K6","","","","","","","","","","","","","","","","","","","","","","","","","","","","","","","","","","","","","","","","","","","","","","","","","","","","","","","","","","","","","","","","",
"Papua New Guinea","PNG","Railways, goods transported (million ton-km)","IS.RRS.GOOD.MT.K6","","","","","","","","","","","","","","","","","","","","","","","","","","","","","","","","","","","","","","","","","","","","","","","","","","","","","","","","","","","","","","","","",
"Poland","POL","Railways, goods transported (million ton-km)","IS.RRS.GOOD.MT.K6","","","","","","","","","","","","","","","","","","","","","","","","","","","","","","","","","","","","69116","68332","68651","61760","55471","54448","47913","47756","49549","52137","49779","53427","54253","52043","43554","48795","53746","48903","50881","50073","50602.9","50650","54797","59388","54584","51096","54387","","",
"Pre-demographic dividend","PRE","Railways, goods transported (million ton-km)","IS.RRS.GOOD.MT.K6","","","","","","","","","","","","","","","","","","","","","","","","","","","","","","","","","","","","","","","","","","","","","","","","","","","","","","","","","","","","","","","","",
"Puerto Rico","PRI","Railways, goods transported (million ton-km)","IS.RRS.GOOD.MT.K6","","","","","","","","","","","","","","","","","","","","","","","","","","","","","","","","","","","","","","","","","","","","","","","","","","","","","","","","","","","","","","","","",
"Korea, Dem. People's Rep.","PRK","Railways, goods transported (million ton-km)","IS.RRS.GOOD.MT.K6","","","","","","","","","","","","","","","","","","","","","","","","","","","","","","","","","","","","","","","","","","","","","","","","","","","","","","","","","","","","","","","","",
"Portugal","PRT","Railways, goods transported (million ton-km)","IS.RRS.GOOD.MT.K6","","","","","","","","","","","","","","","","","","","","","","","","","","","","","","","","","","","","2019","1857","2247","2048","2179","2183","2138","2196","2073","2282","2422","2529","2586","2549","2174","2313","2322","2421","2290","2438","2661","2622","2742","2863","2476","2402","2699","","",
"Paraguay","PRY","Railways, goods transported (million ton-km)","IS.RRS.GOOD.MT.K6","","","","","","","","","","","","","","","","","","","","","","","","","","","","","","","","","","","","","","","","","","","","","","","","","","","","","","","","","","","","","","","","",
"West Bank and Gaza","PSE","Railways, goods transported (million ton-km)","IS.RRS.GOOD.MT.K6","","","","","","","","","","","","","","","","","","","","","","","","","","","","","","","","","","","","","","","","","","","","","","","","","","","","","","","","","","","","","","","","",
"Pacific island small states","PSS","Railways, goods transported (million ton-km)","IS.RRS.GOOD.MT.K6","","","","","","","","","","","","","","","","","","","","","","","","","","","","","","","","","","","","","","","","","","","","","","","","","","","","","","","","","","","","","","","","",
"Post-demographic dividend","PST","Railways, goods transported (million ton-km)","IS.RRS.GOOD.MT.K6","","","","","","","","","","","","","","","","","","","","","","","","","","","","","","","","","","","","9074.5","9481","10671","9871","9831","10621","10832","10746","11057","11489","11641","11599","11212","11915.5","9919","10412","10761","11061","11812","12313","12431","12447","11653","11776","13922.84","13403.410352995","11684.8005","","",
"French Polynesia","PYF","Railways, goods transported (million ton-km)","IS.RRS.GOOD.MT.K6","","","","","","","","","","","","","","","","","","","","","","","","","","","","","","","","","","","","","","","","","","","","","","","","","","","","","","","","","","","","","","","","",
"Qatar","QAT","Railways, goods transported (million ton-km)","IS.RRS.GOOD.MT.K6","","","","","","","","","","","","","","","","","","","","","","","","","","","","","","","","","","","","","","","","","","","","","","","","","","","","","","","","","","","","","","","","",
"Romania","ROU","Railways, goods transported (million ton-km)","IS.RRS.GOOD.MT.K6","","","","","","","","","","","","","","","","","","","","","","","","","","","","","","","","","","","","27179","26877","24789","19708","15927","17982","17960","17494","16942","18426","16582","15791","15757","15236","11088","12375","14719","13472","12941","12264","13673","13535","13782","13076","13312","","","","",
"Russian Federation","RUS","Railways, goods transported (million ton-km)","IS.RRS.GOOD.MT.K6","","","","","","","","","","","","","","","","","","","","","","","","","","","","","","","","","","","","1213711","1131251","1100289","1019547","1204547","1373178","1433617","1510200","1664300","1797326","1852913","1950830","2090337","2116240","1865305","2011308","2127834.572","2222388.391","2172685","2298564.1","2304758.6","2342589.5","2491875.9","2596879.7","2601928.1","2544827.9","2638562","","",
"Rwanda","RWA","Railways, goods transported (million ton-km)","IS.RRS.GOOD.MT.K6","","","","","","","","","","","","","","","","","","","","","","","","","","","","","","","","","","","","","","","","","","","","","","","","","","","","","","","","","","","","","","","","",
"South Asia","SAS","Railways, goods transported (million ton-km)","IS.RRS.GOOD.MT.K6","","","","","","","","","","","","","","","","","","","","","","","","","","","","","","","","","","","","3175","2929.5","2705.5","2671.5","2433","3612","4520","4573","2882.5","2846","2915.5","","3115","6187","","","1225","492.2405","472.1205","1090","1997.5","4774","","","","","","","",
"Saudi Arabia","SAU","Railways, goods transported (million ton-km)","IS.RRS.GOOD.MT.K6","","","","","","","","","","","","","","","","","","","","","","","","","","","","","","","","","","","","822","675","813","960","900","822","746","772","880","1173","1192","1272.3","1630","1748","","1852.472","","","","","","","","","","","","","",
"Sudan","SDN","Railways, goods transported (million ton-km)","IS.RRS.GOOD.MT.K6","","","","","","","","","","","","","","","","","","","","","","","","","","","","","","","","","","","","1538","1616","1654","1453","1654","1164","903","993","","889","766","766","","","","925","770","823","33.9","","","","","","","","","","",
"Senegal","SEN","Railways, goods transported (million ton-km)","IS.RRS.GOOD.MT.K6","","","","","","","","","","","","","","","","","","","","","","","","","","","","","","","","","","","","475","474","446","435","401","371","370","369","369","371","376","384","","","","","","","","","","","","","","","","","",
"Singapore","SGP","Railways, goods transported (million ton-km)","IS.RRS.GOOD.MT.K6","","","","","","","","","","","","","","","","","","","","","","","","","","","","","","","","","","","","","","","","","","","","","","","","","","","","","","","","","","","","","","","","",
"Solomon Islands","SLB","Railways, goods transported (million ton-km)","IS.RRS.GOOD.MT.K6","","","","","","","","","","","","","","","","","","","","","","","","","","","","","","","","","","","","","","","","","","","","","","","","","","","","","","","","","","","","","","","","",
"Sierra Leone","SLE","Railways, goods transported (million ton-km)","IS.RRS.GOOD.MT.K6","","","","","","","","","","","","","","","","","","","","","","","","","","","","","","","","","","","","","","","","","","","","","","","","","","","","","","","","","","","","","","","","",
"El Salvador","SLV","Railways, goods transported (million ton-km)","IS.RRS.GOOD.MT.K6","","","","","","","","","","","","","","","","","","","","","","","","","","","","","","","","","","","","13","13","","","","","","","","","","","","","","","","","","","","","","","","","","","",
"San Marino","SMR","Railways, goods transported (million ton-km)","IS.RRS.GOOD.MT.K6","","","","","","","","","","","","","","","","","","","","","","","","","","","","","","","","","","","","","","","","","","","","","","","","","","","","","","","","","","","","","","","","",
"Somalia","SOM","Railways, goods transported (million ton-km)","IS.RRS.GOOD.MT.K6","","","","","","","","","","","","","","","","","","","","","","","","","","","","","","","","","","","","","","","","","","","","","","","","","","","","","","","","","","","","","","","","",
"Serbia","SRB","Railways, goods transported (million ton-km)","IS.RRS.GOOD.MT.K6","","","","","","","","","","","","","","","","","","","","","","","","","","","","","","","","","","","","1364","1865","2398","2537","1190","1917","1989","2253","2591","3164","3482","4232","4551","4339","2967","3522","3611","2769","3022","2988","3248","3087","3288","3186","2865","2747","2925","","",
"Sub-Saharan Africa (excluding high income)","SSA","Railways, goods transported (million ton-km)","IS.RRS.GOOD.MT.K6","","","","","","","","","","","","","","","","","","","","","","","","","","","","","","","","","","","","","","","","","","","","","","","","","","","","","","","","","","","","","","","","",
"South Sudan","SSD","Railways, goods transported (million ton-km)","IS.RRS.GOOD.MT.K6","","","","","","","","","","","","","","","","","","","","","","","","","","","","","","","","","","","","","","","","","","","","","","","","","","","","","","","","","","","","","","","","",
"Sub-Saharan Africa","SSF","Railways, goods transported (million ton-km)","IS.RRS.GOOD.MT.K6","","","","","","","","","","","","","","","","","","","","","","","","","","","","","","","","","","","","","","","","","","","","","","","","","","","","","","","","","","","","","","","","",
"Small states","SST","Railways, goods transported (million ton-km)","IS.RRS.GOOD.MT.K6","","","","","","","","","","","","","","","","","","","","","","","","","","","","","","","","","","","","3846","4198","5102","","","","","5193.0885","5184.457","5598.933","5686.4705","5549.2045","","","","","","","","","","","","","","","","","",
"Sao Tome and Principe","STP","Railways, goods transported (million ton-km)","IS.RRS.GOOD.MT.K6","","","","","","","","","","","","","","","","","","","","","","","","","","","","","","","","","","","","","","","","","","","","","","","","","","","","","","","","","","","","","","","","",
"Suriname","SUR","Railways, goods transported (million ton-km)","IS.RRS.GOOD.MT.K6","","","","","","","","","","","","","","","","","","","","","","","","","","","","","","","","","","","","","","","","","","","","","","","","","","","","","","","","","","","","","","","","",
"Slovak Republic","SVK","Railways, goods transported (million ton-km)","IS.RRS.GOOD.MT.K6","","","","","","","","","","","","","","","","","","","","","","","","","","","","","","","","","","","","13674","12017","12373","11753","9859","11234","10929","10383","10113","9702","9463","9988","9647","9299","6964","8105","7960","7591","8494","8829","8439","9111","8486","8691","8480","7268","8580","","",
"Slovenia","SVN","Railways, goods transported (million ton-km)","IS.RRS.GOOD.MT.K6","","","","","","","","","","","","","","","","","","","","","","","","","","","","","","","","","","","","3076","2550","2852","2859","2784","2857","2837","3078","3274","3149","3245","3373","3603","3520","2668","3421","3752","3470","3799","4110","4175","4360","5128","5151","5292","4726","4937","","",
"Sweden","SWE","Railways, goods transported (million ton-km)","IS.RRS.GOOD.MT.K6","","","","","","","","","","","","","","","","","","","","","","","","","","","","","","","","","","","","19391","18846","19181","19163","19090","20088","19547","19197","20170","20856","21675","22271","23250","22924","20389","23464","22864","22043","20970","21296","20699","21406","21838","22794.306069132","22222.065674494","22093.897979015","23246","","",
"Eswatini","SWZ","Railways, goods transported (million ton-km)","IS.RRS.GOOD.MT.K6","","","","","","","","","","","","","","","","","","","","","","","","","","","","","","","","","","","","","","","","","","","689.177","698.914","709.866","733.941","680.409","","","","776","862","","","","","","","","","","","","",
"Sint Maarten (Dutch part)","SXM","Railways, goods transported (million ton-km)","IS.RRS.GOOD.MT.K6","","","","","","","","","","","","","","","","","","","","","","","","","","","","","","","","","","","","","","","","","","","","","","","","","","","","","","","","","","","","","","","","",
"Seychelles","SYC","Railways, goods transported (million ton-km)","IS.RRS.GOOD.MT.K6","","","","","","","","","","","","","","","","","","","","","","","","","","","","","","","","","","","","","","","","","","","","","","","","","","","","","","","","","","","","","","","","",
"Syrian Arab Republic","SYR","Railways, goods transported (million ton-km)","IS.RRS.GOOD.MT.K6","","","","","","","","","","","","","","","","","","","","","","","","","","","","","","","","","","","","1285","1364","1439","1431","1577","1568","1491","1813.889","1884.3","1868.4","2074.37","2458","2551","2370.473","","2206.297","","","","","","","","","","","","","",
"Turks and Caicos Islands","TCA","Railways, goods transported (million ton-km)","IS.RRS.GOOD.MT.K6","","","","","","","","","","","","","","","","","","","","","","","","","","","","","","","","","","","","","","","","","","","","","","","","","","","","","","","","","","","","","","","","",
"Chad","TCD","Railways, goods transported (million ton-km)","IS.RRS.GOOD.MT.K6","","","","","","","","","","","","","","","","","","","","","","","","","","","","","","","","","","","","","","","","","","","","","","","","","","","","","","","","","","","","","","","","",
"East Asia & Pacific (IDA & IBRD countries)","TEA","Railways, goods transported (million ton-km)","IS.RRS.GOOD.MT.K6","","","","","","","","","","","","","","","","","","","","","","","","","","","","","","","","","","","","1751","1533","1521","1324","2162.5","2084","","2947","1014","2682","","","4157.5","","","5533.5","","","","","","","","","","","","","",
"Europe & Central Asia (IDA & IBRD countries)","TEC","Railways, goods transported (million ton-km)","IS.RRS.GOOD.MT.K6","","","","","","","","","","","","","","","","","","","","","","","","","","","","","","","","","","","","3004","2785","3515","4702","5052","4725","4692.5","5065","4137","5036.5","6127.1","6387.35","6928","8275.2","5433","6227.5","6054.8","5976","4392.8","4987.5","4261.25","3434","3931","3489","3418.3","3279","3990","","",
"Togo","TGO","Railways, goods transported (million ton-km)","IS.RRS.GOOD.MT.K6","","","","","","","","","","","","","","","","","","","","","","","","","","","","","","","","","","","","","","","","","","","","","","","","","","","","","","","","","","","","","","","","",
"Thailand","THA","Railways, goods transported (million ton-km)","IS.RRS.GOOD.MT.K6","","","","","","","","","","","","","","","","","","","","","","","","","","","","","","","","","","","","3242","3286","3482","2874","2927","2247","","3894","4057","4037","4037","","3161","","","2701","2562","","","","","","","","","","","","",
"Tajikistan","TJK","Railways, goods transported (million ton-km)","IS.RRS.GOOD.MT.K6","","","","","","","","","","","","","","","","","","","","","","","","","","","","","","","","","","","","2115","1719","1384","1458","1282","1326","1250","","1087","1117","","1220.1","1274.4","","1282","808.4","702.9","554.9","","391","317","228.3","165","224","231.7","274","","","",
"Turkmenistan","TKM","Railways, goods transported (million ton-km)","IS.RRS.GOOD.MT.K6","","","","","","","","","","","","","","","","","","","","","","","","","","","","","","","","","","","","8568","6779","7445","7701","7337","7588","6437","6437","","8670","","10441","10973","11547","11765","11765","11992","11992","","11992","13327","13327","13327","","","","","","",
"Latin America & the Caribbean (IDA & IBRD countries)","TLA","Railways, goods transported (million ton-km)","IS.RRS.GOOD.MT.K6","","","","","","","","","","","","","","","","","","","","","","","","","","","","","","","","","","","","","","","","","","","","","","","","","","","","","","","","","","","","","","","","",
"Timor-Leste","TLS","Railways, goods transported (million ton-km)","IS.RRS.GOOD.MT.K6","","","","","","","","","","","","","","","","","","","","","","","","","","","","","","","","","","","","","","","","","","","","","","","","","","","","","","","","","","","","","","","","",
"Middle East & North Africa (IDA & IBRD countries)","TMN","Railways, goods transported (million ton-km)","IS.RRS.GOOD.MT.K6","","","","","","","","","","","","","","","","","","","","","","","","","","","","","","","","","","","","2124","2224","2175.5","2315","1834","2131","2131.5","2249","2297.75","2082","2070.685","2458","2374","2221.7365","","1808.3085","","","","","","","","","","","","","",
"Tonga","TON","Railways, goods transported (million ton-km)","IS.RRS.GOOD.MT.K6","","","","","","","","","","","","","","","","","","","","","","","","","","","","","","","","","","","","","","","","","","","","","","","","","","","","","","","","","","","","","","","","",
"South Asia (IDA & IBRD)","TSA","Railways, goods transported (million ton-km)","IS.RRS.GOOD.MT.K6","","","","","","","","","","","","","","","","","","","","","","","","","","","","","","","","","","","","3175","2929.5","2705.5","2671.5","2433","3612","4520","4573","2882.5","2846","2915.5","","3115","6187","","","1225","492.2405","472.1205","1090","1997.5","4774","","","","","","","",
"Sub-Saharan Africa (IDA & IBRD countries)","TSS","Railways, goods transported (million ton-km)","IS.RRS.GOOD.MT.K6","","","","","","","","","","","","","","","","","","","","","","","","","","","","","","","","","","","","","","","","","","","","","","","","","","","","","","","","","","","","","","","","",
"Trinidad and Tobago","TTO","Railways, goods transported (million ton-km)","IS.RRS.GOOD.MT.K6","","","","","","","","","","","","","","","","","","","","","","","","","","","","","","","","","","","","","","","","","","","","","","","","","","","","","","","","","","","","","","","","",
"Tunisia","TUN","Railways, goods transported (million ton-km)","IS.RRS.GOOD.MT.K6","","","","","","","","","","","","","","","","","","","","","","","","","","","","","","","","","","","","2302","2309","2328","2315","1635","2282","2273","2251","2173","2082","2067","2174","2197","2073","","2024.481","","","","870","664","667","679","535","545","334.818","413.3","","",
"Turkiye","TUR","Railways, goods transported (million ton-km)","IS.RRS.GOOD.MT.K6","","","","","","","","","","","","","","","","","","","","","","","","","","","","","","","","","","","","8632","9018","9718","8466","8446","9895","7561","7224","8669","9417","9152","9676","9921","10739","10326","11462","11677","11670","11177","11992","10474","11661","12869","14478","14707","15428","15900","","",
"Tuvalu","TUV","Railways, goods transported (million ton-km)","IS.RRS.GOOD.MT.K6","","","","","","","","","","","","","","","","","","","","","","","","","","","","","","","","","","","","","","","","","","","","","","","","","","","","","","","","","","","","","","","","",
"Tanzania","TZA","Railways, goods transported (million ton-km)","IS.RRS.GOOD.MT.K6","","","","","","","","","","","","","","","","","","","","","","","","","","","","","","","","","","","","2116","2031","1866","708","1822","1195","2069","1487","1468","1196","","","","","","","","","","","","","","","","","","","",
"Uganda","UGA","Railways, goods transported (million ton-km)","IS.RRS.GOOD.MT.K6","","","","","","","","","","","","","","","","","","","","","","","","","","","","","","","","","","","","227","236","148","147","200","210","220","218","","","","","","","","","","","","","","","","","","","","","",
"Ukraine","UKR","Railways, goods transported (million ton-km)","IS.RRS.GOOD.MT.K6","","","","","","","","","","","","","","","","","","","","","","","","","","","","","","","","","","","","195762","163384","160433","158693","156336","172840","177465","193141","225287","233961","223980","240810","262505","257006","196188","218083","243866","237722","224434","211233","195054","187557","191914.1","186344.1","181844.7","175587.2","","","",
"Upper middle income","UMC","Railways, goods transported (million ton-km)","IS.RRS.GOOD.MT.K6","","","","","","","","","","","","","","","","","","","","","","","","","","","","","","","","","","","","1946","2541","2700.5","2775.5","3043.5","2247","4481","3894","4057","4037","3482","4390","6928","7395.2","7592","6696.75","6949.9","8212","","8132","7242","6860.5","6505","","","","","","",
"Uruguay","URY","Railways, goods transported (million ton-km)","IS.RRS.GOOD.MT.K6","","","","","","","","","","","","","","","","","","","","","","","","","","","","","","","","","","","","327","326","362","487","272","239","209","178","188","297","331","304","284","","","","","","","","","","","","","","","","",
"United States","USA","Railways, goods transported (million ton-km)","IS.RRS.GOOD.MT.K6","","","","","","","","","","","","","","","","","","","","","","","","","","","","","","","","","","","","1906206","1979622","1969331","2010027","2092745","2140191","2183277","2200123","2264983","2427268","2476653","2586836","2584940","2594631","2236917","2468738","2524585","2500300","2541354","2702736","2547253","2314693","2445132","2525217.324","2357116.529","2102083.985","2239400.714","","",
"Uzbekistan","UZB","Railways, goods transported (million ton-km)","IS.RRS.GOOD.MT.K6","","","","","","","","","","","","","","","","","","","","","","","","","","","","","","","","","","","","16831","19653","16498","15672","13883","15441","15732","18428","","18007","18007","19281.4","21594","23432.4","22227","22281.8","22482","22686.4","","22932","22935","22937","22940","22942","22860","23632","24619","","",
"St. Vincent and the Grenadines","VCT","Railways, goods transported (million ton-km)","IS.RRS.GOOD.MT.K6","","","","","","","","","","","","","","","","","","","","","","","","","","","","","","","","","","","","","","","","","","","","","","","","","","","","","","","","","","","","","","","","",
"Venezuela, RB","VEN","Railways, goods transported (million ton-km)","IS.RRS.GOOD.MT.K6","","","","","","","","","","","","","","","","","","","","","","","","","","","","","","","","","","","","53","45","54","79","54","59","81","32","","","","81.07","","","","","","","","","","","","","","","","","",
"British Virgin Islands","VGB","Railways, goods transported (million ton-km)","IS.RRS.GOOD.MT.K6","","","","","","","","","","","","","","","","","","","","","","","","","","","","","","","","","","","","","","","","","","","","","","","","","","","","","","","","","","","","","","","","",
"Virgin Islands (U.S.)","VIR","Railways, goods transported (million ton-km)","IS.RRS.GOOD.MT.K6","","","","","","","","","","","","","","","","","","","","","","","","","","","","","","","","","","","","","","","","","","","","","","","","","","","","","","","","","","","","","","","","",
"Viet Nam","VNM","Railways, goods transported (million ton-km)","IS.RRS.GOOD.MT.K6","","","","","","","","","","","","","","","","","","","","","","","","","","","","","","","","","","","","1751","1533","1521","1324","1398","1921","2338","2000","2674","2682","2928","3447","3910","4106","4139","3901","4101","3959","3733","4251.9","4125.4","3190","3574","3989","3742","3759","","","",
"Vanuatu","VUT","Railways, goods transported (million ton-km)","IS.RRS.GOOD.MT.K6","","","","","","","","","","","","","","","","","","","","","","","","","","","","","","","","","","","","","","","","","","","","","","","","","","","","","","","","","","","","","","","","",
"World","WLD","Railways, goods transported (million ton-km)","IS.RRS.GOOD.MT.K6","","","","","","","","","","","","","","","","","","","","","","","","","","","","","","","","","","","","2067","2085","2287.5","2594.5","2106","2264.5","3942","3422","3274","3904","4037","4893","5645.5","","","","","","","","","","","","","","","","",
"Samoa","WSM","Railways, goods transported (million ton-km)","IS.RRS.GOOD.MT.K6","","","","","","","","","","","","","","","","","","","","","","","","","","","","","","","","","","","","","","","","","","","","","","","","","","","","","","","","","","","","","","","","",
"Kosovo","XKX","Railways, goods transported (million ton-km)","IS.RRS.GOOD.MT.K6","","","","","","","","","","","","","","","","","","","","","","","","","","","","","","","","","","","","","","","","","","","","","","","","","","","","","","","","","","","","","","","","",
"Yemen, Rep.","YEM","Railways, goods transported (million ton-km)","IS.RRS.GOOD.MT.K6","","","","","","","","","","","","","","","","","","","","","","","","","","","","","","","","","","","","","","","","","","","","","","","","","","","","","","","","","","","","","","","","",
"South Africa","ZAF","Railways, goods transported (million ton-km)","IS.RRS.GOOD.MT.K6","","","","","","","","","","","","","","","","","","","","","","","","","","","","","","","","","","","","99850","99773","103866","102777","","100434","106654","105719","105724","106549","108513","","106014","113342","","","","","","","","","","","","","","","",
"Zambia","ZMB","Railways, goods transported (million ton-km)","IS.RRS.GOOD.MT.K6","","","","","","","","","","","","","","","","","","","","","","","","","","","","","","","","","","","","462","536","473","555","554","","","","","","","","","","","","","","","","","","297","","","","","","",
"Zimbabwe","ZWE","Railways, goods transported (million ton-km)","IS.RRS.GOOD.MT.K6","","","","","","","","","","","","","","","","","","","","","","","","","","","","","","","","","","","","","","","","","","","","","","","","1580","","","","","","","","","","","1078","897","703","","","",
